{
  "print": {
    "left": 22.166666666666668,
    "top": 14.222222222222221,
    "width": 52.166666666666664,
    "height": 73.77777777777777
  }
}